{
  "success":true,
  "terms":"https:\/\/currencylayer.com\/terms",
  "privacy":"https:\/\/currencylayer.com\/privacy",
  "timestamp":1511272501,
  "source":"USD",
  "quotes":{
    "USDAED":3.672701,
    "USDAFN":68.709999,
    "USDALL":113.839996,
    "USDAMD":483.160004,
    "USDAOA":165.098007,
    "USDARS":17.514999,
    "USDAUD":1.319902,
    "USDAWG":1.78,
    "USDAZN":1.699697,
    "USDBAM":1.670496,
    "USDBBD":2,
    "USDBDT":83.690002,
    "USDBGN":1.6602,
    "USDBHD":0.377604,
    "USDBIF":1742.97998,
    "USDBND":1.354295,
    "USDBOB":6.859563,
    "USDBRL":3.2632,
    "USDBSD":1,
    "USDBTN":65.000291,
    "USDBWP":10.499203,
    "USDBYN":1.970044,
    "USDBZD":1.997698,
    "USDCAD":1.28102,
    "USDCDF":1565.517591,
    "USDCHF":0.99255,
    "USDCLP":634.130005,
    "USDCNY":6.632399,
    "USDCOP":3005.199951,
    "USDCRC":560.749895,
    "USDCUP":26.5,
    "USDCVE":93.940002,
    "USDCZK":21.774498,
    "USDDJF":176.830002,
    "USDDKK":6.346497,
    "USDDOP":47.439999,
    "USDDZD":114.796997,
    "USDEGP":17.601861,
    "USDERN":15.289718,
    "USDETB":27.118199,
    "USDEUR":0.852599,
    "USDFJD":2.090104,
    "USDFKP":0.754703,
    "USDGBP":0.75486,
    "USDGEL":2.678977,
    "USDGHS":4.611003,
    "USDGIP":0.755001,
    "USDGMD":47.069493,
    "USDGNF":8998.999727,
    "USDGTQ":7.341958,
    "USDGYD":202.710007,
    "USDHKD":7.81173,
    "USDHNL":23.528999,
    "USDHRK":6.411097,
    "USDHTG":61.700001,
    "USDHUF":266.809998,
    "USDIDR":13530,
    "USDILS":3.5222,
    "USDINR":64.886597,
    "USDIQD":1167,
    "USDIRR":35240.000161,
    "USDISK":103.449997,
    "USDJMD":125.220001,
    "USDJOD":0.707502,
    "USDJPY":112.485966,
    "USDKES":103.150002,
    "USDKGS":69.679001,
    "USDKHR":4020.899902,
    "USDKMF":423.320007,
    "USDKPW":900.000012,
    "USDKRW":1087.880005,
    "USDKWD":0.301801,
    "USDKYD":0.819797,
    "USDKZT":330.410004,
    "USDLAK":8297.000392,
    "USDLBP":1505.599976,
    "USDLKR":153.749938,
    "USDLRD":124.580002,
    "USDLSL":14.050017,
    "USDLYD":1.367301,
    "USDMAD":9.451195,
    "USDMDL":17.43397,
    "USDMGA":3180.000052,
    "USDMKD":52.220001,
    "USDMMK":1362.999899,
    "USDMNT":2437.999862,
    "USDMOP":8.045798,
    "USDMRO":351.000061,
    "USDMUR":33.799999,
    "USDMVR":15.570045,
    "USDMWK":717.359985,
    "USDMXN":18.938299,
    "USDMYR":4.137957,
    "USDMZN":60.290001,
    "USDNAD":14.057014,
    "USDNGN":356.000206,
    "USDNIO":30.626198,
    "USDNOK":8.25989,
    "USDNPR":103.550003,
    "USDNZD":1.466301,
    "USDOMR":0.384802,
    "USDPEN":3.233803,
    "USDPGK":3.207797,
    "USDPHP":50.590206,
    "USDPKR":105.040001,
    "USDPLN":3.604304,
    "USDPYG":5642.899902,
    "USDQAR":3.799799,
    "USDRON":3.9687,
    "USDRSD":100.699997,
    "USDRUB":59.360001,
    "USDRWF":832.289978,
    "USDSAR":3.750245,
    "USDSBD":7.855996,
    "USDSCR":13.495026,
    "USDSDG":6.659703,
    "USDSEK":8.47896,
    "USDSGD":1.35488,
    "USDSHP":0.755008,
    "USDSLL":7620.000221,
    "USDSOS":559.000293,
    "USDSRD":7.3797,
    "USDSTD":20874.099609,
    "USDSYP":514.97998,
    "USDSZL":14.058012,
    "USDTHB":32.759998,
    "USDTJS":8.815498,
    "USDTMT":3.4,
    "USDTND":2.480696,
    "USDTOP":2.289041,
    "USDTRY":3.952014,
    "USDTTD":6.6295,
    "USDTWD":30.006992,
    "USDTZS":2235.999957,
    "USDUAH":26.504999,
    "USDUGX":3624.999897,
    "USDUSD":1,
    "USDUYU":29.249943,
    "USDUZS":8080.000308,
    "USDVEF":9.974978,
    "USDVND":22713,
    "USDVUV":106.830002,
    "USDWST":2.570201,
    "USDXAF":559.000107,
    "USDXCD":2.702509,
    "USDXOF":559.690002,
    "USDXPF":101.7098,
    "USDYER":249.899994,
    "USDZAR":14.060986,
    "USDZMW":10.060205
  }
}
